<?xml version="1.0" encoding="UTF-8"?>
<project-private xmlns="http://www.netbeans.org/ns/project-private/1">
    <editor-bookmarks xmlns="http://www.netbeans.org/ns/editor-bookmarks/2" lastBookmarkId="0"/>
    <open-files xmlns="http://www.netbeans.org/ns/projectui-open-files/2">
        <group>
            <file>file:/C:/Users/DELL_PC/Documents/NetBeansProjects/DS-Assignment/src/ds/assignment/admin_login.java</file>
            <file>file:/C:/Users/DELL_PC/Documents/NetBeansProjects/DS-Assignment/src/ds/assignment/viewTable.java</file>
            <file>file:/C:/Users/DELL_PC/Documents/NetBeansProjects/DS-Assignment/src/ds/assignment/adminView.java</file>
            <file>file:/C:/Users/DELL_PC/Documents/NetBeansProjects/DS-Assignment/src/ds/assignment/Welcome.java</file>
            <file>file:/C:/Users/DELL_PC/Documents/NetBeansProjects/DS-Assignment/src/ds/assignment/User_login.java</file>
            <file>file:/C:/Users/DELL_PC/Documents/NetBeansProjects/DS-Assignment/src/ds/assignment/addSensor.java</file>
            <file>file:/C:/Users/DELL_PC/Documents/NetBeansProjects/DS-Assignment/src/ds/assignment/DSAssignment.java</file>
        </group>
    </open-files>
</project-private>
